variable,n,media,mediana,sd,q1,q3,asimetria,curtosis
age,100000,48.52598999999996,48,17.886767843411263,33,64,0.0012577878087242835,-1.2012359213158958
bmi,100000,24.493875691987753,24.156733758983968,5.951068797705566,20.271405005266644,28.258696023953654,0.4206922800212184,0.21372461184534552
daily_steps,91671,7012.925748072588,7004.285449549983,2488.9893557809296,5320.858376979031,8702.2813004876,0.05240746548429513,-0.14378852875764547
mental_health_score,100000,5.0046799999999925,5,3.164227902819501,2,8,0.001702835445481883,-1.2207515173787253
sleep_hours,100000,7.002008242621142,6.998163584792794,1.496820958081273,5.986780869901622,8.019219031919054,0.025131787261591126,-0.12279134311613227
stress_level,100000,4.991600000000002,5,3.1549974611853715,2,8,-4.400874151368484e-4,-1.2121820863423611
