target,n,media,sd,mediana,q1,q3
diseased,29903,48.71634953014749,17.886778999479784,49,33,64
healthy,70097,48.444783656932564,17.886274198746314,48,33,64
